{
  "initial_balance": 1000.0,
  "final_equity": 1076.363661571685,
  "total_pnl": 76.36366157168504,
  "return_pct": 7.636366157168505,
  "total_trades": 36,
  "winning_trades": 23,
  "losing_trades": 13,
  "win_rate_pct": 63.888888888888886,
  "avg_win": 5.448451013680154,
  "avg_loss": -3.765439364842948,
  "profit_factor": 1.4469628868681577,
  "sharpe_ratio": 1.9103463973547614,
  "max_drawdown_pct": 2.329395237976169
}